{
  "README.md": 1776422287.0226912,
  "UPGRADING.md": 1776422287.0228767,
  "CLAUDE.md": 1774672475.0512414,
  "design/CLAUDE.md": 1776422287.0230289,
  "docs/WORKFLOW-GUIDE.md": 1776422287.0239239,
  "docs/COLLABORATIVE-DESIGN-PRINCIPLE.md": 1776422287.023452,
  "docs/CLAUDE.md": 1776422287.0232568,
  "docs/examples/session-design-crafting-system.md": 1774662308.5121114,
  "docs/examples/session-story-lifecycle.md": 1776422287.024666,
  "docs/examples/reverse-document-workflow-example.md": 1774662308.5120058,
  "docs/examples/skill-flow-diagrams.md": 1776422287.0248673,
  "docs/examples/session-gate-check-phase-transition.md": 1776422287.0245624,
  "docs/examples/session-implement-combat-damage.md": 1774662308.5122073,
  "docs/examples/README.md": 1776422287.0242414,
  "docs/examples/session-ux-pipeline.md": 1776422287.0247667,
  "docs/examples/session-scope-crisis-decision.md": 1774662308.5123339,
  "docs/examples/session-adopt-brownfield.md": 1776422287.0243556,
  "docs/examples/session-design-system-skill.md": 1776422287.024464,
  "docs/engine-reference/README.md": 1774662308.5060165,
  "docs/engine-reference/unity/breaking-changes.md": 1774662308.5078638,
  "docs/engine-reference/unity/current-best-practices.md": 1774662308.5079832,
  "docs/engine-reference/unity/VERSION.md": 1774662308.507764,
  "docs/engine-reference/unity/PLUGINS.md": 1774662308.5076685,
  "docs/engine-reference/unity/deprecated-apis.md": 1774662308.50812,
  "docs/engine-reference/unity/plugins/addressables.md": 1774662308.5094357,
  "docs/engine-reference/unity/plugins/cinemachine.md": 1774662308.5095348,
  "docs/engine-reference/unity/plugins/dots-entities.md": 1774662308.5096378,
  "docs/engine-reference/unity/modules/input.md": 1774662308.5088007,
  "docs/engine-reference/unity/modules/physics.md": 1774662308.5090818,
  "docs/engine-reference/unity/modules/animation.md": 1774662308.508601,
  "docs/engine-reference/unity/modules/networking.md": 1774662308.5089905,
  "docs/engine-reference/unity/modules/navigation.md": 1774662308.5088968,
  "docs/engine-reference/unity/modules/audio.md": 1774662308.5087082,
  "docs/engine-reference/unity/modules/rendering.md": 1774662308.509176,
  "docs/engine-reference/unity/modules/ui.md": 1774662308.5092776,
  "docs/engine-reference/unreal/breaking-changes.md": 1774662308.5102725,
  "docs/engine-reference/unreal/current-best-practices.md": 1774662308.5103734,
  "docs/engine-reference/unreal/VERSION.md": 1774662308.5098743,
  "docs/engine-reference/unreal/PLUGINS.md": 1774662308.5097897,
  "docs/engine-reference/unreal/deprecated-apis.md": 1774662308.5104635,
  "docs/engine-reference/unreal/plugins/gameplay-ability-system.md": 1774662308.5115678,
  "docs/engine-reference/unreal/plugins/common-ui.md": 1774662308.5114632,
  "docs/engine-reference/unreal/plugins/gameplay-camera-system.md": 1774662308.5116658,
  "docs/engine-reference/unreal/plugins/pcg.md": 1774662308.5117579,
  "docs/engine-reference/unreal/modules/input.md": 1774662308.510824,
  "docs/engine-reference/unreal/modules/physics.md": 1774662308.5111158,
  "docs/engine-reference/unreal/modules/animation.md": 1774662308.5106137,
  "docs/engine-reference/unreal/modules/networking.md": 1774662308.5110216,
  "docs/engine-reference/unreal/modules/navigation.md": 1774662308.5109203,
  "docs/engine-reference/unreal/modules/audio.md": 1774662308.510721,
  "docs/engine-reference/unreal/modules/rendering.md": 1774662308.5112114,
  "docs/engine-reference/unreal/modules/ui.md": 1774662308.511308,
  "docs/engine-reference/godot/breaking-changes.md": 1774662308.5063574,
  "docs/engine-reference/godot/current-best-practices.md": 1774662308.5064738,
  "docs/engine-reference/godot/VERSION.md": 1774662308.5062287,
  "docs/engine-reference/godot/deprecated-apis.md": 1774662308.506587,
  "docs/engine-reference/godot/modules/input.md": 1774662308.5069957,
  "docs/engine-reference/godot/modules/physics.md": 1774662308.5073142,
  "docs/engine-reference/godot/modules/animation.md": 1774662308.506761,
  "docs/engine-reference/godot/modules/networking.md": 1774662308.5072227,
  "docs/engine-reference/godot/modules/navigation.md": 1774662308.5071063,
  "docs/engine-reference/godot/modules/audio.md": 1774662308.5068753,
  "docs/engine-reference/godot/modules/rendering.md": 1774662308.507408,
  "docs/engine-reference/godot/modules/ui.md": 1774662308.5075045,
  "CCGS Skill Testing Framework/quality-rubric.md": 1776422287.0136454,
  "CCGS Skill Testing Framework/README.md": 1776422287.00766,
  "CCGS Skill Testing Framework/CLAUDE.md": 1776422287.007576,
  "CCGS Skill Testing Framework/agents/leads/qa-lead.md": 1776422287.0103128,
  "CCGS Skill Testing Framework/agents/leads/lead-programmer.md": 1776422287.0100477,
  "CCGS Skill Testing Framework/agents/leads/systems-designer.md": 1776422287.0104048,
  "CCGS Skill Testing Framework/agents/leads/level-designer.md": 1776422287.0101418,
  "CCGS Skill Testing Framework/agents/leads/audio-director.md": 1776422287.009855,
  "CCGS Skill Testing Framework/agents/leads/game-designer.md": 1776422287.0099552,
  "CCGS Skill Testing Framework/agents/leads/narrative-director.md": 1776422287.010227,
  "CCGS Skill Testing Framework/agents/qa/qa-tester.md": 1776422287.0113015,
  "CCGS Skill Testing Framework/agents/qa/security-engineer.md": 1776422287.0113854,
  "CCGS Skill Testing Framework/agents/qa/accessibility-specialist.md": 1776422287.0112143,
  "CCGS Skill Testing Framework/agents/operations/economy-designer.md": 1776422287.0108004,
  "CCGS Skill Testing Framework/agents/operations/release-manager.md": 1776422287.0110817,
  "CCGS Skill Testing Framework/agents/operations/devops-engineer.md": 1776422287.0107133,
  "CCGS Skill Testing Framework/agents/operations/analytics-engineer.md": 1776422287.0105345,
  "CCGS Skill Testing Framework/agents/operations/localization-lead.md": 1776422287.0109878,
  "CCGS Skill Testing Framework/agents/operations/community-manager.md": 1776422287.0106206,
  "CCGS Skill Testing Framework/agents/operations/live-ops-designer.md": 1776422287.0108936,